name,email,rollNumber,department,year,leetcodeUrl,gfgUrl,codeforcesUrl,codechefUrl
MANNAM GNANAPRAKASH,23491A0543,https://leetcode.com/u/prakash_mannam/,https://www.geeksforgeeks.org/profile/prakashm4lpu,https://codolio.com/profile/Prakash%20Mannam1,https://www.codechef.com/users/zeal_luck_67
Sure Murali Sai,23491A0573,https://leetcode.com/u/SURE_MURALI_SAI/,https://www.geeksforgeeks.org/profile/muralisaq0za,https://codolio.com/profile/muralisai_sure,https://www.codechef.com/users/muralisai_sure
Shaik Khaleed,23491A0556,https://leetcode.com/u/khaleedshaik/,https://www.geeksforgeeks.org/profile/khaleedsrf9q,https://codolio.com/profile/khaleedshaik,https://www.codechef.com/users/shaikkhaleed
Talluri Sai Pujeet,24495a5408,https://leetcode.com/u/Saipujeet/,https://www.geeksforgeeks.org/profile/saipu3ane,https://codolio.com/profile/SaiPujeet_22,https://www.codechef.com/users/saipujeet
GUNJI SOMA SIVA KUMAR,23491A05Z5,https://leetcode.com/u/Gunji_Soma_siva_kumar/,https://www.geeksforgeeks.org/profile/ssk7g3k57,https://codolio.com/profile/Soma-siva-kumar,https://www.codechef.com/users/ssk_7_gunji
Yelagala Dheekshitha Nag Sai,23491A05E5,https://leetcode.com/u/Dheekshitha_Yelagala/,https://www.geeksforgeeks.org/profile/yelagaladheekshitha,https://codolio.com/profile/dheekshi_123,https://www.codechef.com/users/dheekshitha13
SHAIK ALEEM,23491A0554,https://leetcode.com/u/SHAIK_ALEEM/,https://www.geeksforgeeks.org/profile/aleemshaik17,https://codolio.com/profile/Aleemshaik_17,https://www.codechef.com/users/aleem_shaik_12
Polimera Anandamaye,23491A05F7,https://leetcode.com/u/Anandi_143/,https://www.geeksforgeeks.org/profile/polimeraanizvt,https://codolio.com/profile/Anandamaye,https://www.codechef.com/users/anandi_143
OGURI HARI VENKATA CHARAN,23491A0551,https://leetcode.com/u/harivenkatacharan/,https://www.geeksforgeeks.org/profile/harivenkatacharan,https://codolio.com/profile/harivenkatacharan,https://www.codechef.com/users/hvcharan23
Dubagunta Vaishnavi,23491A0529,https://leetcode.com/u/Dubagunta_Vaishnavi/,https://www.geeksforgeeks.org/profile/vaishnavidudwyo,https://codolio.com/profile/vaishnavidubagunta,https://www.codechef.com/users/sree_vaish_08
Tolichukka Joshna,23491a05i8,https://leetcode.com/u/TolichukkaJoshna/,https://www.geeksforgeeks.org/profile/tolichukkajoshna,https://codolio.com/profile/tolichukkajoshna,https://www.codechef.com/users/joshna_26
MANNEPALLI SAI CHARAN,23491A0544,https://leetcode.com/u/mscharan2807/,https://www.geeksforgeeks.org/profile/mscharan2807,https://codolio.com/profile/m_s_charan,https://www.codechef.com/users/m_s_charan
Manchikanti Sri Harshini,22491A05G4,https://leetcode.com/u/SriHarshinii?utm=codolio,https://www.geeksforgeeks.org/profile/srihars194u,https://codolio.com/profile/sri_harshini,https://www.codechef.com/users/sriharshimanc?utm=codolio
Mekala Mallikharjuna,23491A050B,https://leetcode.com/u/Mallikharjuna_7/,https://www.geeksforgeeks.org/profile/mekalamallinj3p,https://codolio.com/profile/Mallikharjuna,https://www.codechef.com/users/mallikharjuna5
Aluri Deepika,23491a0504,https://leetcode.com/u/Deepika_Aluri/,https://www.geeksforgeeks.org/profile/deepikaavgjd,https://www.geeksforgeeks.org/profile/deepikaavgjd,https://www.codechef.com/users/deepikaaluri
Pilli Solmon Prajyesh,23491A05E8,https://leetcode.com/u/xU7sHu17wl/,https://www.geeksforgeeks.org/profile/prajyes6jre,https://codolio.com/profile/Prajyesh,https://www.codechef.com/users/prajyeshpilli
KOPPURAVURI TARUN KUMAR,23491A4238,https://leetcode.com/u/Tarun_kumar55/,https://www.geeksforgeeks.org/profile/tarunkumarkv0j4,https://codolio.com/profile/TarunKumar5,https://www.codechef.com/users/tarun_kumar5
MANCHALA MANASA,23491A05M5,https://leetcode.com/u/MANCHALA_MANASA/,https://www.geeksforgeeks.org/profile/manchalampheh,https://codolio.com/profile/manasa_manchala,https://www.codechef.com/users/manasa_2k6
KARAVADI HARINEE LAKSHMI,23491A0584,https://leetcode.com/u/yIGUNRNjy2/,https://www.geeksforgeeks.org/profile/harineel2jub,https://codolio.com/profile/harinee_lakshmi,https://www.codechef.com/users/harineelakshmi
DARMAVARAPU LOKESWARI,23491A0528,https://leetcode.com/u/DARMAVARAPULOKESWARI_29,https://www.geeksforgeeks.org/profile/lokeswigw7,https://codolio.com/profile/lokeswaridarmavarapu,https://www.codechef.com/users/sharp_band_48
GUNUPATI SAHITHI REDDY,23491A0538,https://leetcode.com/u/Sahithi_Gunupati/,https://www.geeksforgeeks.org/profile/gsahithoh2j,https://codolio.com/profile/Sahithi%20Reddy%20Gunupati,https://www.codechef.com/users/sahithii_147
NADIPINENI BINDU MAHENDRA NARAHARI,23491A0547,https://leetcode.com/u/mahi006x/,https://www.geeksforgeeks.org/profile/mahi006x,https://codolio.com/profile/mahi006x,https://www.codechef.com/users/bindumahendra
Chennareddy Bhavana,23491a0519,https://leetcode.com/u/bhavanachennareddy/,https://www.geeksforgeeks.org/profile/bhavanachenxn6l,https://codolio.com/profile/vdUVlbeFV,https://www.codechef.com/users/chennareddy_29
Pathakota V A N Chidvilasini,23491A05O6,https://leetcode.com/u/Chidvilasini/,https://www.geeksforgeeks.org/profile/chidvilasini,https://codolio.com/profile/Chidvilasini_pathakota,https://www.codechef.com/users/chidvilasini73
Venkatesh Talluri,23491A0560,https://leetcode.com/u/VenkateshTalluri/,https://www.geeksforgeeks.org/profile/venkateshthmxd,https://codolio.com/profile/VenkateshTalluri,https://www.codechef.com/users/venkatesh2k5
Katari Grishma Priya,23491A0585,https://leetcode.com/u/Grishma_0407/,https://www.geeksforgeeks.org/profile/grishmapriyakatari,https://codolio.com/profile/katarigrishmapriya,https://www.codechef.com/users/grishmapriya
PUNUGUPATI RAKSHITHA,23491A6533,https://leetcode.com/u/Rakshithapunugupati/,https://www.geeksforgeeks.org/profile/rakshithapuhhwu,https://codolio.com/profile/rakshithaa,https://www.codechef.com/users/raksha_8
Arikatla Harshitha,23491A5405,https://leetcode.com/u/Arikatla-Harshitha/,https://www.geeksforgeeks.org/profile/harshithaacuh1,https://codolio.com/profile/harshi_77,https://www.codechef.com/users/harshi_71
Manogna.Bachina,23491A4204,https://leetcode.com/u/ManognaBachina/,https://www.geeksforgeeks.org/profile/bachinamazn1p,https://codolio.com/profile/Bachina.Manogna,https://www.codechef.com/users/glee_falcon_13
Udayani Chennareddy,23491A0520,https://leetcode.com/u/udayani_chennareddy/,https://www.geeksforgeeks.org/profile/chennaredd2li6,https://codolio.com/profile/udayanichennareddy,https://www.codechef.com/users/merry_isle_31
ALAPATI AKHILA,23491A4202,https://leetcode.com/u/A_AKHILA_022/,https://www.geeksforgeeks.org/profile/alapatiaklob0,https://codolio.com/profile/Akhila228,https://www.codechef.com/users/akhila_228
THESWANTH UPPU,23491A0562,https://leetcode.com/u/theswanth/,https://www.geeksforgeeks.org/profile/thesswanthjp9p,https://codolio.com/profile/theswanth,https://www.codechef.com/users/theswanth
SETTI PURNA GOPI MANIKANTA NADH,23491a0553,https://leetcode.com/u/GopiSetti_12/,https://www.geeksforgeeks.org/profile/gopiseegy3,https://codolio.com/profile/manikanta12,https://www.codechef.com/users/gopisetti
Amperayani Venkata Naga Sai Gayathri Purnima,23491a0506,https://leetcode.com/u/Amperayani_V_N_S_G_Purnima/,https://www.geeksforgeeks.org/profile/gayathripurniktm8?tab=overview,https://codolio.com/profile/Purnima_26,https://www.codechef.com/users/sai_purnima_11
Sarvepalli Harshini,23491A05H1,https://leetcode.com/u/Harshini_Sarvepalli/,https://www.geeksforgeeks.org/profile/harshinkndy,https://codolio.com/profile/_harshini,https://www.codechef.com/users/kettle_wood_13
Maram Sai Srujana,23491A05M7,https://leetcode.com/u/MARAM_SAI_SRUJANA/,https://www.geeksforgeeks.org/profile/saisrujana1011,https://codolio.com/profile/Maram_Sai_Srujana,https://www.codechef.com/users/srujana_1011
Hema latha Vavilapalli,23491A051D,https://leetcode.com/u/HemaVavilapalli/,https://www.geeksforgeeks.org/profile/hemavavilapalli,https://codolio.com/profile/HemaVavilapalli,https://www.codechef.com/users/hema_2907
Bandaru Neeraja,23491A0510,https://leetcode.com/u/neerajabandaru_1109,https://www.geeksforgeeks.org/profile/neeraja11,https://codolio.com/profile/neeraja_bandaru,https://www.codechef.com/users/bneeraja_09
M.KASI PRATHAP REDDY,23491A05A8,https://leetcode.com/u/prathapreddymora/,https://www.geeksforgeeks.org/profile/prathapreya3w,https://codolio.com/profile/prathapreddy,https://www.codechef.com/users/kasi_reddy_12
Chimaladinne vyshnavi,23491A0524,https://leetcode.com/u/chimaladinne_vyshnavi/,https://www.geeksforgeeks.org/profile/chimaladinnedd6j,https://codolio.com/profile/Vyshnavich,https://www.codechef.com/users/adapt_goats_03
Ganesh Nalamalapu,23491a051v,https://leetcode.com/u/ganeshnalamalapu,https://www.geeksforgeeks.org/profile/ganeshrednu6y,https://codolio.com/profile/ganesh51v,https://www.codechef.com/users/ganesh51v
Bijjam Bhuvaneswari,23491a0513,https://leetcode.com/u/bhuvana__04/,https://www.geeksforgeeks.org/profile/bhuvanau5bj,https://codolio.com/profile/Bhuvana04,https://www.codechef.com/users/bhuvanabijjam
Yamarapu SriVarshini,23491A051H,https://leetcode.com/u/Varshiniyamarapu/,https://www.geeksforgeeks.org/profile/varshiniyl2ey,https://codolio.com/profile/varshini05,https://www.codechef.com/users/srivarshiniy
KAYAKAKULA VENKATA PUJITHA,23491A050Z,https://leetcode.com/u/K_Venkatapujitha/,https://www.geeksforgeeks.org/profile/poojiya1xjl,https://codolio.com/profile/Pujitha27,https://www.codechef.com/users/puji_27
B.Sai Satwika,23491a0517,https://leetcode.com/u/SatwikaBorigorla/,https://www.geeksforgeeks.org/profile/satwik3ntr?from=explore,https://codolio.com/profile/satwika_borigorla,https://www.codechef.com/users/sai_satwika12
Poluboyina Naga Yesaswini,23491A05F9,https://leetcode.com/u/yesaswini12/,https://www.geeksforgeeks.org/profile/ishupoluwabr?from=explore,https://codolio.com/profile/yeshu,https://www.codechef.com/users/worm_fear_34
ALAPATI AKHILA,23491A4202,https://leetcode.com/u/A_AKHILA_022/,https://www.geeksforgeeks.org/profile/alapatiaklob0,https://codolio.com/profile/Akhila228,https://www.codechef.com/users/akhila_228
Bachina.Manogna,23491A4204,https://leetcode.com/u/ManognaBachina/,https://www.geeksforgeeks.org/profile/bachinamazn1p,https://codolio.com/profile/Bachina.Manogna,https://www.codechef.com/users/manognabachina
Rayapati Rishitha,23491a05g8,https://leetcode.com/u/RishithaRayapati,https://www.geeksforgeeks.org/profile/rishitharayapati,https://codolio.com/profile/RishithaRayapati,https://www.codechef.com/users/rishtiha_2209
Golla Deepika,23491A0534,https://leetcode.com/u/j6cNNLv7bS/,https://www.geeksforgeeks.org/profile/deepikagoll1zl,https://codolio.com/profile/deepu3116,https://www.codechef.com/users/fair_vivid_12
Seelam Chandrika,23491A05H3,https://leetcode.com/u/chandu__143/,https://www.geeksforgeeks.org/profile/seelamchai10x,https://codolio.com/profile/Chandu_143,https://www.codechef.com/users/fit_ally_52
Nidamanuri Vasantha,23491A05N9,https://leetcode.com/u/bKbeu81OUA/,https://www.geeksforgeeks.org/profile/vasanthanidhz3k,https://codolio.com/profile/Vasuu,https://www.codechef.com/users/neat_free_21
Kotha Narendra,23491a05y1,https://leetcode.com/u/Kotha_Narendra/,https://www.geeksforgeeks.org/profile/iyalnare84q2,https://codolio.com/profile/narendra357,https://www.codechef.com/users/narendra_kotha
Bojja Sneha Latha,23491A05U0,https://leetcode.com/u/B-sneha/,https://www.geeksforgeeks.org/profile/snehabosmpt,https://codolio.com/profile/Snehabojja,https://www.codechef.com/users/steam_olive_39
AMARA LOKA VENKATA KALYAN,23491A0570,https://leetcode.com/u/amara_kalyan151005/,https://www.geeksforgeeks.org/profile/kalyanrohtapp,https://codolio.com/profile/amara_kalyan151005,https://www.codechef.com/users/amara_kalyan
Penuvarthi Surya Teja,23491A05C6,https://leetcode.com/u/_Surya_1804/,https://www.geeksforgeeks.org/profile/suryatejapg9xl,https://codolio.com/profile/Suryatejapenuvarthi,https://www.codechef.com/users/brace_atom_08
RAVULA VENKATESH,24495A0531,https://leetcode.com/u/venkatesh_733/,https://www.geeksforgeeks.org/profile/ravulavenkawms,https://codolio.com/profile/Venkatesh_733,https://www.codechef.com/users/hatch_grand_55
KOTHA RUPASRI,23491A053O,https://leetcode.com/u/KothaRupasri,https://www.geeksforgeeks.org/profile/kotharu5xot,https://codolio.com/profile/Rupasrikotha,https://www.codechef.com/users/rupasrikotha
MALAPATI VENKATESWARLU,23491a12c3,https://leetcode.com/u/venkateswarlumalapati/,https://www.geeksforgeeks.org/profile/thisismrvenky,https://codolio.com/profile/thisismrvenky,https://www.codechef.com/users/thisismrvenky/edit
DONDAPATI SRAVANI,23491A053G,https://leetcode.com/u/DondapatiSravani,https://www.geeksforgeeks.org/profile/sravanidondapati,https://codolio.com/profile/sravani_630,https://www.codechef.com/users/sravani_630
GURRALA LAVANYA,23491A050t,https://leetcode.com/u/gurralalavanya/,https://www.geeksforgeeks.org/profile/lavanyagu2qxt,https://codolio.com/profile/lavanyagurrala,https://www.codechef.com/users/gurrala21
IDUPOGULA RAJA KUMARI,23491A050U,https://leetcode.com/u/23491A050U/,https://www.geeksforgeeks.org/profile/rajjiidupogula,https://codolio.com/profile/Rajakumari,https://www.codechef.com/users/rajjiidupogula
PINJERLA SANKEERTHANA,23491A05F6,https://leetcode.com/u/pinjerla_sankeerthana/,https://www.geeksforgeeks.org/profile/sankeerthan1f75,https://codolio.com/profile/sankeerthana27,https://www.codechef.com/users/sankeerthana27
GADE GAYATHRI,23491A0530,https://leetcode.com/u/gayathrigade/,https://www.geeksforgeeks.org/profile/gayathri80gv,https://codolio.com/profile/gadegayathri,https://www.codechef.com/users/gadegayathri
THOKALA KALYANI,23491a5424,https://leetcode.com/u/t_kalyani/,https://www.geeksforgeeks.org/profile/kalyanit33mz,https://codolio.com/profile/goCvDurI,https://www.codechef.com/users/plush_boar_16
SUDANAGUNTA HARITHA,23491A052O,https://leetcode.com/u/Haritha_Sudanagunta,https://www.geeksforgeeks.org/user/harithasudanagunta123,https://codolio.com/profile/Sudanagunta_Haritha,https://www.codechef.com/users/sharitha
NALLAPATI BHAGYALAKSHMI SAILAJA,23491A05N3,https://leetcode.com/u/Bhagyalakshmi_28/,https://www.geeksforgeeks.org/profile/nblsailaja1028,https://codolio.com/profile/sailaja_1028,https://www.codechef.com/users/sailaja_1028
JONNALAGADDA PRATHYUSHA,23491A0706,https://leetcode.com/u/prathyusha891/,https://www.geeksforgeeks.org/profile/prathyusha891,https://codolio.com/profile/prathyusha,https://www.codechef.com/users/prathyusha891
CHILUKURI VASAVI,23491A0523,https://leetcode.com/u/vasavichilukuri24/,https://www.geeksforgeeks.org/profile/vasavichi18u1,https://codolio.com/profile/vasavi24,https://www.codechef.com/users/vasavi2466
Kotha Naga Priya Darshini,23491A053N,https://leetcode.com/u/KothaNagaPriyaDarshini/,https://www.geeksforgeeks.org/profile/kothapriya,https://codolio.com/profile/Naga%20priya%20Darshini,https://www.codechef.com/users/kotha_priya_27
Pavithrayamala,23491A05J2,https://leetcode.com/u/pavithra_tech6/,https://www.geeksforgeeks.org/users/pavithratech6,https://codolio.com/profile/Pavithratech,https://www.codechef.com/users/pavithra_tech
Kalahasti Venkata Sudheer,24495a0510,https://leetcode.com/u/venkata_sudheer_kalahasthi,https://www.geeksforgeeks.org/profile/venkatasudheerkalahasthi,https://codolio.com/profile/Venkata_sudheer_kalahasthi,https://www.codechef.com/users/super_eagle_45
O.sravana Lakshmi,23491A0711,https://leetcode.com/u/sravana_lakshmi/,https://www.geeksforgeeks.org/profile/ogiralasrq4yv,https://codolio.com/profile/sravani_ogirala,https://www.codechef.com/users/sravani2349
Kakarlamudi Sanjana sravya,23491A053L,https://leetcode.com/u/sanjana062213,https://www.geeksforgeeks.org/profile/sanjanakakarbtju,https://codolio.com/profile/Sanjana_Kakarlamudi,https://www.codechef.com/users/sanjana_2103
Malleboyina.vijaya lakshmi,23491a0572,https://leetcode.com/u/vijayalakshmimalleboyina/,https://www.geeksforgeeks.org/profile/vijayalakshmimacyyv,https://codolio.com/profile/vijayalakshmimalleboyina,https://www.codechef.com/users/mvijayalakshmi
YARRAMSETTY VENKATA SAI,23491A052S,https://leetcode.com/u/YVenkataSai/,https://www.geeksforgeeks.org/profile/yvenkatancc72,https://codolio.com/profile/yarram_sai123,https://www.codechef.com/users/yvenkata_sai
Gangisetty Vishal,23491a05w4,https://leetcode.com/u/vishal_gangisetty/,https://www.geeksforgeeks.org/profile/vishalvi0xgu,https://codolio.com/profile/vishal_11,https://www.codechef.com/users/vishaal_xn
Peddinti Ginesh,23491A05C5,https://leetcode.com/u/ginesh84/,https://www.geeksforgeeks.org/profile/gineshpedxpkw,https://codolio.com/profile/ginesh84,https://www.codechef.com/users/p_ginesh
B.Navya Sri,23491A0516,https://leetcode.com/u/Navyasri0608/,https://www.geeksforgeeks.org/profile/bnavyasu73p,https://codolio.com/profile/navyasrii,https://www.codechef.com/users/sri0608
Kalluri Narendra babu,23491A05K7,https://leetcode.com/u/narendra_kalluri/,https://www.geeksforgeeks.org/profile/narikalljypk,https://codolio.com/profile/narendra_kalluri,https://www.codechef.com/users/narikalluri_1
Nanabala Ramadevi,23491A05N5,https://leetcode.com/u/ramadevi_tech122,https://www.geeksforgeeks.org/profile/ramadevi123,https://codolio.com/profile/Ramadevi123,https://www.codechef.com/users/ramadevi_tech2
Pathakota V A N Chidvilasini,23491A05O6,https://leetcode.com/u/Chidvilasini/,https://www.geeksforgeeks.org/profile/chidvilasini,https://codolio.com/profile/Chidvilasini_pathakota,https://www.codechef.com/users/chidvilasini73
Ramya Meghana Vakati,23491a05i9,https://leetcode.com/u/ramyameghana,https://www.geeksforgeeks.org/user/ramyameghana,https://codolio.com/profile/ramyameghana,https://www.codechef.com/users/ramyameghana
shaik karimbasha,23491A0555,https://leetcode.com/u/Hrwk1h7GjX/,https://www.geeksforgeeks.org/profile/karimbasho0qb,https://codolio.com/profile/karimbasha,https://www.codechef.com/users/karimbash
GATTINENI AHALYA,23491A050S,https://leetcode.com/u/GattineniAhalya/,https://www.geeksforgeeks.org/profile/ahalyaga4nxx,https://codolio.com/profile/RBwWDExa,https://www.codechef.com/users/ahalya66
Susmitha Lagadapati,23491A053P,https://leetcode.com/u/susmitha_lagadapati/,https://www.geeksforgeeks.org/profile/susmithalag3tp5,https://codolio.com/profile/susmitha_lagadapati,https://www.codechef.com/users/susmithal_24
Dammu Vijayalakshmi,23491a05z2,https://leetcode.com/u/23491a05z2/,https://www.geeksforgeeks.org/profile/dammuvijayar0w1,https://codolio.com/profile/vijaya_03,https://www.codechef.com/users/vijaya_8309
Chidipothu Gayathri,23491A052P,https://leetcode.com/u/Chidipothu-Gayathri/,https://www.geeksforgeeks.org/profile/chidipothuwsib?tab=overview,https://codolio.com/profile/Gayathri579,https://www.codechef.com/users/gayathri579
Nagamalleswari Dara,23491A050P,https://leetcode.com/u/Nagamalleswari-Dara,https://www.geeksforgeeks.org/profile/nagamalleswaridara,https://codolio.com/profile/Nagamalleswari,https://www.codechef.com/users/malleswaridara
Majjari Sudheshna,23491A6543,http://leetcode.com/u/SudheshnaMajjari221/,https://www.geeksforgeeks.org/profile/sudheshnamajzrzu,https://codolio.com/profile/sudheshna,https://www.codechef.com/users/sudheshna_22
P.vedasri Archana,23491a05o3,https://leetcode.com/u/vedasri_archana/,https://www.geeksforgeeks.org/profile/pamidivedhjly,https://codolio.com/profile/Vedasri_archana,https://www.codechef.com/users/gaze_fogs_62
MEDAVARAPU ANJANA CHARY,23491A0546,https://leetcode.com/subscribe/?ref=um_pl&source=ot,https://www.geeksforgeeks.org/profile/medavarapuavrt3,https://codolio.com/profile/chary,https://www.codechef.com/users/cry_scene_36
Katteboyina Trisha,23491a0587,https://leetcode.com/u/Trisha_87/,https://www.geeksforgeeks.org/profile/katteboyinatrisha,https://codolio.com/profile/KatteboyinaTrisha,https://www.codechef.com/users/trisha_99
Sailaja Garlapati,23491a0532,https://leetcode.com/u/Garlapati_Sailaja/,https://www.geeksforgeeks.org/profile/garlapatisl175,https://codolio.com/profile/Sailaja09,https://www.codechef.com/users/code_cheff123
NADENDLA YASWANTH CHOWDARY,23491A051R,https://leetcode.com/u/Yaswanth_Chowdary_Nadendla/,https://www.geeksforgeeks.org/profile/nyaswan3jyf?from=explore,https://codolio.com/profile/yash5115,https://www.codechef.com/users/yash1th_2k5